{
	"credit": "Made with Blockbench",
	"texture_size": [64, 64],
	"textures": {
		"9": "block/jukebox",
		"particle": "block/note_block"
	},
	"elements": [
		{
			"from": [4.025, 19.6, 2],
			"to": [10.025, 20.3, 3],
			"rotation": {"angle": 0, "axis": "y", "origin": [7.025, 19.95, 3.5]},
			"faces": {
				"north": {"uv": [12.5, 0, 14, 0.25], "texture": "#9"},
				"east": {"uv": [5, 13, 5.25, 13.25], "texture": "#9"},
				"west": {"uv": [13, 5, 13.25, 5.25], "texture": "#9"},
				"up": {"uv": [14, 0.5, 12.5, 0.25], "texture": "#9"}
			}
		},
		{
			"from": [3.025, 19.6, 3],
			"to": [11.025, 20.3, 11],
			"rotation": {"angle": 0, "axis": "y", "origin": [7.025, 19.95, 7]},
			"faces": {
				"north": {"uv": [12, 2.5, 14, 2.75], "texture": "#9"},
				"east": {"uv": [12, 2.75, 14, 3], "texture": "#9"},
				"south": {"uv": [7.75, 12, 9.75, 12.25], "texture": "#9"},
				"west": {"uv": [12, 8.25, 14, 8.5], "texture": "#9"},
				"up": {"uv": [2, 13, 0, 11], "texture": "#9"}
			}
		},
		{
			"from": [11.025, 19.6, 4],
			"to": [12.025, 20.3, 10],
			"rotation": {"angle": 0, "axis": "y", "origin": [10.525, 19.95, 7]},
			"faces": {
				"north": {"uv": [13, 4.5, 13.25, 4.75], "texture": "#9"},
				"east": {"uv": [12.25, 12, 13.75, 12.25], "texture": "#9"},
				"south": {"uv": [13, 4.75, 13.25, 5], "texture": "#9"},
				"up": {"uv": [12.5, 13.75, 12.25, 12.25], "texture": "#9"}
			}
		},
		{
			"from": [4.025, 19.6, 11],
			"to": [10.025, 20.3, 12],
			"rotation": {"angle": 0, "axis": "y", "origin": [7.025, 19.95, 10.5]},
			"faces": {
				"east": {"uv": [4.25, 13, 4.5, 13.25], "texture": "#9"},
				"south": {"uv": [12.25, 6.25, 13.75, 6.5], "texture": "#9"},
				"west": {"uv": [4.5, 13, 4.75, 13.25], "texture": "#9"},
				"up": {"uv": [13.75, 12, 12.25, 11.75], "texture": "#9"}
			}
		},
		{
			"from": [2.025, 19.6, 4],
			"to": [3.025, 20.3, 10],
			"rotation": {"angle": 0, "axis": "y", "origin": [3.525, 19.95, 7]},
			"faces": {
				"north": {"uv": [3.75, 13, 4, 13.25], "texture": "#9"},
				"south": {"uv": [4, 13, 4.25, 13.25], "texture": "#9"},
				"west": {"uv": [12.25, 6, 13.75, 6.25], "texture": "#9"},
				"up": {"uv": [12.5, 10.75, 12.25, 9.25], "texture": "#9"}
			}
		},
		{
			"from": [1, 16, 1],
			"to": [15, 17, 15],
			"rotation": {"angle": 0, "axis": "y", "origin": [9, 16, 9]},
			"faces": {
				"north": {"uv": [2, 11.5, 5.5, 11.75], "texture": "#9"},
				"east": {"uv": [11.5, 3, 15, 3.25], "texture": "#9"},
				"south": {"uv": [11.5, 3.25, 15, 3.5], "texture": "#9"},
				"west": {"uv": [11.5, 3.5, 15, 3.75], "texture": "#9"},
				"up": {"uv": [7.5, 7.5, 4, 4], "texture": "#9"}
			}
		},
		{
			"from": [2, 17, 2],
			"to": [14, 18, 14],
			"rotation": {"angle": 0, "axis": "y", "origin": [9, 16, 9]},
			"faces": {
				"north": {"uv": [11.5, 3.75, 14.5, 4], "texture": "#9"},
				"east": {"uv": [11.25, 11.5, 14.25, 11.75], "texture": "#9"},
				"south": {"uv": [2, 11.75, 5, 12], "texture": "#9"},
				"west": {"uv": [11.75, 6.5, 14.75, 6.75], "texture": "#9"}
			}
		},
		{
			"from": [1, 18, 1],
			"to": [15, 20, 15],
			"rotation": {"angle": 0, "axis": "y", "origin": [9, 16, 9]},
			"faces": {
				"north": {"uv": [8, 3, 11.5, 3.5], "texture": "#9"},
				"east": {"uv": [8, 3.5, 11.5, 4], "texture": "#9"},
				"south": {"uv": [11, 1.5, 14.5, 2], "texture": "#9"},
				"west": {"uv": [2, 11, 5.5, 11.5], "texture": "#9"},
				"up": {"uv": [11, 7.5, 7.5, 4], "texture": "#9"},
				"down": {"uv": [11, 7.5, 7.5, 11], "texture": "#9"}
			}
		},
		{
			"from": [14, 18.5, 5.25],
			"to": [16, 19.5, 6.25],
			"rotation": {"angle": 0, "axis": "y", "origin": [9, 16, 9]},
			"faces": {
				"north": {"uv": [12.5, 10.75, 13.25, 11], "texture": "#9"},
				"east": {"uv": [12.75, 12.75, 13, 13], "texture": "#9"},
				"south": {"uv": [12.5, 11, 13.25, 11.25], "texture": "#9"},
				"west": {"uv": [0, 13, 0.25, 13.25], "texture": "#9"},
				"up": {"uv": [13.25, 11.5, 12.5, 11.25], "texture": "#9"},
				"down": {"uv": [13.25, 12.25, 12.5, 12.5], "texture": "#9"}
			}
		},
		{
			"from": [6, 20, 12],
			"to": [7, 21, 13],
			"rotation": {"angle": 0, "axis": "y", "origin": [9, 16, 9]},
			"faces": {
				"north": {"uv": [10.5, 12.75, 10.75, 13], "texture": "#9"},
				"east": {"uv": [10.75, 12.75, 11, 13.25], "texture": "#9"},
				"south": {"uv": [11, 12.75, 11.25, 13.25], "texture": "#9"},
				"west": {"uv": [11.25, 12.75, 11.5, 13.25], "texture": "#9"},
				"up": {"uv": [0.5, 13.25, 0.25, 13], "texture": "#9"},
				"down": {"uv": [0.75, 13, 0.5, 13.25], "texture": "#9"}
			}
		},
		{
			"from": [1, 21, 12],
			"to": [7, 22, 13],
			"rotation": {"angle": -22.5, "axis": "y", "origin": [6.5, 21.5, 12.5]},
			"faces": {
				"north": {"uv": [10.5, 14, 12, 14.25], "texture": "#9"},
				"east": {"uv": [10.75, 14, 11, 14.25], "texture": "#9"},
				"south": {"uv": [11, 14, 12.5, 14.25], "texture": "#9"},
				"west": {"uv": [10.25, 14, 10.5, 14.25], "texture": "#9"},
				"up": {"uv": [0.25, 15.75, 0, 14.25], "rotation": 270, "texture": "#9"},
				"down": {"uv": [0.5, 14.25, 0.25, 15.75], "rotation": 90, "texture": "#9"}
			}
		},
		{
			"from": [1.25, 20.75, 12.25],
			"to": [2, 21, 12.75],
			"rotation": {"angle": -22.5, "axis": "y", "origin": [6.5, 21.5, 12.5]},
			"faces": {
				"north": {"uv": [10.75, 14.75, 10.9375, 14.8125], "texture": "#9"},
				"east": {"uv": [11, 14.75, 11.125, 14.8125], "texture": "#9"},
				"south": {"uv": [11.25, 14.75, 11.4375, 14.8125], "texture": "#9"},
				"west": {"uv": [10.5, 14.75, 10.625, 14.8125], "texture": "#9"},
				"up": {"uv": [0.375, 15.1875, 0.25, 15], "rotation": 270, "texture": "#9"},
				"down": {"uv": [0.625, 15, 0.5, 15.1875], "rotation": 90, "texture": "#9"}
			}
		},
		{
			"from": [6.5, 19.52, 6.5],
			"to": [7.5, 21.52, 7.5],
			"rotation": {"angle": 0, "axis": "y", "origin": [7, 21, 7]},
			"faces": {
				"north": {"uv": [11.5, 12.75, 11.75, 13.25], "texture": "#9"},
				"east": {"uv": [11.75, 12.75, 12, 13.25], "texture": "#9"},
				"south": {"uv": [12, 12.75, 12.25, 13.25], "texture": "#9"},
				"west": {"uv": [12.5, 12.75, 12.75, 13.25], "texture": "#9"},
				"up": {"uv": [1, 13.25, 0.75, 13], "texture": "#9"},
				"down": {"uv": [1.25, 13, 1, 13.25], "texture": "#9"}
			}
		},
		{
			"from": [10.7904, 19.9472, 12.0248],
			"to": [12.2904, 22.4472, 13.5248],
			"rotation": {"angle": 0, "axis": "y", "origin": [11.48661, 20.06369, 12.70257]},
			"faces": {
				"north": {"uv": [7.75, 12.25, 8.25, 13], "texture": "#9"},
				"east": {"uv": [8.25, 12.25, 8.75, 13], "texture": "#9"},
				"south": {"uv": [8.75, 12.25, 9.25, 13], "texture": "#9"},
				"west": {"uv": [9.25, 12.25, 9.75, 13], "texture": "#9"},
				"up": {"uv": [13, 10.25, 12.5, 9.75], "texture": "#9"}
			}
		},
		{
			"from": [10.30432, 21.54394, 12.4455],
			"to": [12.80432, 25.54394, 14.9455],
			"rotation": {"angle": -22.5, "axis": "x", "origin": [11.48661, 20.06369, 12.70257]},
			"faces": {
				"north": {"uv": [11.75, 6.75, 12.5, 7.75], "texture": "#9"},
				"east": {"uv": [10, 11.75, 10.75, 12.75], "texture": "#9"},
				"south": {"uv": [10.75, 11.75, 11.5, 12.75], "texture": "#9"},
				"west": {"uv": [11.5, 11.75, 12.25, 12.75], "texture": "#9"},
				"up": {"uv": [4.75, 12.75, 4, 12], "texture": "#9"},
				"down": {"uv": [7.75, 12, 7, 12.75], "texture": "#9"}
			}
		},
		{
			"from": [8.9336, 20.69718, 3.21188],
			"to": [13.8336, 25.69718, 5.21188],
			"rotation": {"angle": 45, "axis": "x", "origin": [11.48661, 20.06369, 12.70257]},
			"faces": {
				"north": {"uv": [11, 4, 12.25, 5.25], "texture": "#9"},
				"east": {"uv": [5, 11.75, 5.5, 13], "texture": "#9"},
				"south": {"uv": [11, 5.25, 12.25, 6.5], "texture": "#9"},
				"west": {"uv": [2, 12, 2.5, 13.25], "texture": "#9"},
				"up": {"uv": [13, 8.25, 11.75, 7.75], "texture": "#9"},
				"down": {"uv": [13.25, 2, 12, 2.5], "texture": "#9"}
			}
		},
		{
			"from": [13.8336, 19.69718, 2.21188],
			"to": [14.9336, 26.69718, 5.21188],
			"rotation": {"angle": 45, "axis": "x", "origin": [11.48661, 20.06369, 12.70257]},
			"faces": {
				"north": {"uv": [3.75, 8, 4, 9.75], "texture": "#9"},
				"east": {"uv": [3, 8, 3.75, 9.75], "texture": "#9"},
				"south": {"uv": [4.75, 12, 5, 13.75], "texture": "#9"},
				"west": {"uv": [5.5, 11, 6.25, 12.75], "texture": "#9"},
				"up": {"uv": [13, 5.25, 12.75, 4.5], "texture": "#9"},
				"down": {"uv": [5.75, 12.75, 5.5, 13.5], "texture": "#9"}
			}
		},
		{
			"from": [7.9336, 19.69718, 2.21188],
			"to": [8.9336, 26.69718, 5.21188],
			"rotation": {"angle": 45, "axis": "x", "origin": [11.48661, 20.06369, 12.70257]},
			"faces": {
				"north": {"uv": [9.75, 12, 10, 13.75], "texture": "#9"},
				"east": {"uv": [6.25, 11, 7, 12.75], "texture": "#9"},
				"south": {"uv": [12.25, 4, 12.5, 5.75], "texture": "#9"},
				"west": {"uv": [11, 6.5, 11.75, 8.25], "texture": "#9"},
				"up": {"uv": [6, 13.5, 5.75, 12.75], "texture": "#9"},
				"down": {"uv": [6.25, 12.75, 6, 13.5], "texture": "#9"}
			}
		},
		{
			"from": [8.9336, 25.69718, 2.21188],
			"to": [13.8336, 26.69718, 5.21188],
			"rotation": {"angle": 45, "axis": "x", "origin": [11.48661, 20.06369, 12.70257]},
			"faces": {
				"north": {"uv": [12.5, 1, 13.75, 1.25], "texture": "#9"},
				"south": {"uv": [12.5, 1.25, 13.75, 1.5], "texture": "#9"},
				"up": {"uv": [12.25, 10.75, 11, 10], "texture": "#9"},
				"down": {"uv": [12.5, 10.75, 11.25, 11.5], "texture": "#9"}
			}
		},
		{
			"from": [8.9336, 19.69718, 2.21188],
			"to": [13.8336, 20.69718, 5.21188],
			"rotation": {"angle": 45, "axis": "x", "origin": [11.48661, 20.06369, 12.70257]},
			"faces": {
				"north": {"uv": [12.5, 0.5, 13.75, 0.75], "texture": "#9"},
				"south": {"uv": [12.5, 0.75, 13.75, 1], "texture": "#9"},
				"up": {"uv": [12.25, 10, 11, 9.25], "texture": "#9"},
				"down": {"uv": [11.25, 11, 10, 11.75], "texture": "#9"}
			}
		},
		{
			"from": [9.51215, 24.02554, 13.9488],
			"to": [13.51215, 28.02554, 17.8928],
			"rotation": {"angle": -45, "axis": "x", "origin": [11.48661, 20.06369, 12.70257]},
			"faces": {
				"north": {"uv": [3, 9.75, 4, 10.75], "texture": "#9"},
				"east": {"uv": [11, 2, 12, 3], "texture": "#9"},
				"south": {"uv": [7, 11, 8, 12], "texture": "#9"},
				"west": {"uv": [8, 11, 9, 12], "texture": "#9"},
				"up": {"uv": [12, 9.25, 11, 8.25], "texture": "#9"},
				"down": {"uv": [10, 11, 9, 12], "texture": "#9"}
			}
		},
		{
			"name": "BaseBlock",
			"from": [0, 0, 0],
			"to": [16, 16, 16],
			"faces": {
				"north": {"uv": [0, 0, 4, 4], "texture": "#9"},
				"east": {"uv": [0, 0, 4, 4], "texture": "#9"},
				"south": {"uv": [0, 0, 4, 4], "texture": "#9"},
				"west": {"uv": [0, 0, 4, 4], "texture": "#9"},
				"up": {"uv": [4, 8, 0, 4], "texture": "#9"},
				"down": {"uv": [8, 0, 4, 4], "texture": "#9"}
			}
		},
		{
			"from": [16, 18.5, 5.25],
			"to": [16, 19.5, 9.25],
			"rotation": {"angle": 0, "axis": "y", "origin": [9, 16, 9]},
			"faces": {
				"north": {"uv": [12.625, 11.0625, 12.8125, 11.125], "texture": "#9"},
				"east": {"uv": [12.6875, 11.4375, 12.75, 11.5], "texture": "#9"},
				"south": {"uv": [12.625, 11.0625, 12.8125, 11.125], "texture": "#9"},
				"west": {"uv": [13.9375, 14.4375, 14, 14.5], "texture": "#9"},
				"up": {"uv": [12.8125, 11.125, 12.625, 11.0625], "texture": "#9"},
				"down": {"uv": [12.8125, 11.0625, 12.625, 11.125], "texture": "#9"}
			}
		}
	],
	"display": {
		"thirdperson_righthand": {
			"rotation": [75, 45, 0],
			"translation": [0, 2.5, 0],
			"scale": [0.375, 0.375, 0.375]
		},
		"thirdperson_lefthand": {
			"rotation": [75, 45, 0],
			"translation": [0, 2.5, 0],
			"scale": [0.375, 0.375, 0.375]
		},
		"firstperson_righthand": {
			"rotation": [0, 45, 0],
			"scale": [0.4, 0.4, 0.4]
		},
		"firstperson_lefthand": {
			"rotation": [0, 225, 0],
			"scale": [0.4, 0.4, 0.4]
		},
		"ground": {
			"translation": [0, 3, 0],
			"scale": [0.25, 0.25, 0.25]
		},
		"gui": {
			"rotation": [30, 225, 0],
			"scale": [0.625, 0.625, 0.625]
		},
		"head": {
			"translation": [0.5, 13.75, 0]
		},
		"fixed": {
			"scale": [0.5, 0.5, 0.5]
		}
	},
	"groups": [
		{
			"name": "DiscStand",
			"origin": [3.525, 19.95, 7],
			"color": 0,
			"children": [0, 1, 2, 3, 4]
		},
		{
			"name": "Base",
			"origin": [1, 0, 1],
			"color": 0,
			"children": [5, 6, 7]
		},
		{
			"name": "Bits",
			"origin": [-1, 5, -1],
			"color": 0,
			"children": [8, 9, 10, 11, 12]
		},
		{
			"name": "Horn",
			"origin": [2, 10, 5],
			"color": 0,
			"children": [13, 14, 15, 16, 17, 18, 19, 20]
		},
		21,
		22
	]
}