{
  "entity.sheep.ambient": {
    "sounds": [
      { "name": "mob/sheep/say", "volume": 0.2, "pitch": 1.0 },
      { "name": "mob/sheep/say", "volume": 0.2, "pitch": 1.1 },
      { "name": "mob/sheep/say", "volume": 0.3, "pitch": 0.5 },
      { "name": "mob/sheep/say", "volume": 0.2, "pitch": 0.8 },
      { "name": "mob/sheep/say", "volume": 0.3, "pitch": 1.2 }
    ],
    "replace": true,
    "subtitle": "subtitles.entity.sheep.ambient"
  },
  "entity.sheep.hurt": {
    "sounds": [
      { "name": "mob/sheep/hurt", "volume": 0.2, "pitch": 1.0 },
      { "name": "mob/sheep/hurt", "volume": 0.2, "pitch": 1.1 },
      { "name": "mob/sheep/hurt", "volume": 0.3, "pitch": 0.5 },
      { "name": "mob/sheep/hurt", "volume": 0.2, "pitch": 0.8 },
      { "name": "mob/sheep/hurt", "volume": 0.3, "pitch": 1.2 }
    ],
    "replace": true,
    "subtitle": "subtitles.entity.sheep.hurt"
  },
  "entity.cat.ambient": {
    "sounds": [
      { "name": "mob/cat/meow", "volume": 0.2, "pitch": 1.0 },
      { "name": "mob/cat/meow", "volume": 0.2, "pitch": 1.1 },
      { "name": "mob/cat/meow", "volume": 0.3, "pitch": 0.5 },
      { "name": "mob/cat/meow", "volume": 0.2, "pitch": 0.8 },
      { "name": "mob/cat/meow", "volume": 0.3, "pitch": 1.2 }
    ],
    "replace": true,
    "subtitle": "subtitles.entity.cat.ambient"
  },
  "entity.cat.hurt": {
    "sounds": [
      { "name": "mob/cat/hitt", "volume": 0.2, "pitch": 1.0 },
      { "name": "mob/cat/hitt", "volume": 0.2, "pitch": 1.1 },
      { "name": "mob/cat/hitt", "volume": 0.3, "pitch": 0.5 },
      { "name": "mob/cat/hitt", "volume": 0.2, "pitch": 0.8 },
      { "name": "mob/cat/hitt", "volume": 0.3, "pitch": 1.2 }
    ],
    "replace": true,
    "subtitle": "subtitles.entity.cat.hurt"
  },
  "entity.cow.ambient": {
    "sounds": [
      { "name": "mob/cow/say", "volume": 0.2, "pitch": 1.0 },
      { "name": "mob/cow/say", "volume": 0.2, "pitch": 1.1 },
      { "name": "mob/cow/say", "volume": 0.3, "pitch": 0.5 },
      { "name": "mob/cow/say", "volume": 0.2, "pitch": 0.8 },
      { "name": "mob/cow/say", "volume": 0.3, "pitch": 1.2 }
    ],
    "replace": true,
    "subtitle": "subtitles.entity.cow.ambient"
  },
  "entity.cow.hurt": {
    "sounds": [
      { "name": "mob/cow/hurt", "volume": 0.2, "pitch": 1.0 },
      { "name": "mob/cow/hurt", "volume": 0.2, "pitch": 1.1 },
      { "name": "mob/cow/hurt", "volume": 0.3, "pitch": 0.5 },
      { "name": "mob/cow/hurt", "volume": 0.2, "pitch": 0.8 },
      { "name": "mob/cow/hurt", "volume": 0.3, "pitch": 1.2 }
    ],
    "replace": true,
    "subtitle": "subtitles.entity.cow.hurt"
  },
  "entity.wolf.ambient": {
    "sounds": [
      { "name": "mob/wolf/bark", "volume": 0.2, "pitch": 1.0 },
      { "name": "mob/wolf/bark", "volume": 0.2, "pitch": 1.1 },
      { "name": "mob/wolf/bark", "volume": 0.3, "pitch": 0.5 },
      { "name": "mob/wolf/bark", "volume": 0.2, "pitch": 0.8 },
      { "name": "mob/wolf/bark", "volume": 0.3, "pitch": 1.2 }
    ],
    "replace": true,
    "subtitle": "subtitles.entity.wolf.ambient"
  },
  "entity.wolf.hurt": {
    "sounds": [
      { "name": "mob/wolf/hurt", "volume": 0.2, "pitch": 1.0 },
      { "name": "mob/wolf/hurt", "volume": 0.2, "pitch": 1.1 },
      { "name": "mob/wolf/hurt", "volume": 0.3, "pitch": 0.5 },
      { "name": "mob/wolf/hurt", "volume": 0.2, "pitch": 0.8 },
      { "name": "mob/wolf/hurt", "volume": 0.3, "pitch": 1.2 }
    ],
    "replace": true,
    "subtitle": "subtitles.entity.wolf.hurt"
  }
}
